,Outlets,Compound Sentiment Total
0,BBCWorld,-18.3135
1,CBSNews,-8.010999999999996
2,CNN,-11.9613
3,FoxNews,1.0429
4,nytimes,10.309899999999997
